{"inputUnits":[42],"outputUnits":3,"inputs":{"0":{"dtype":"number","min":0.07224361598491669,"max":0.8082172870635986},"1":{"dtype":"number","min":0.4648715853691101,"max":0.9743805527687073},"2":{"dtype":"number","min":0.12012266367673874,"max":0.7604817152023315},"3":{"dtype":"number","min":0.41825929284095764,"max":0.8939346075057983},"4":{"dtype":"number","min":0.15552589297294617,"max":0.7187193632125854},"5":{"dtype":"number","min":0.3420725464820862,"max":0.8458213806152344},"6":{"dtype":"number","min":0.1651681512594223,"max":0.753838300704956},"7":{"dtype":"number","min":0.2604592740535736,"max":0.8563073873519897},"8":{"dtype":"number","min":0.1504490226507187,"max":0.7864863276481628},"9":{"dtype":"number","min":0.21368573606014252,"max":0.8720892667770386},"10":{"dtype":"number","min":0.03923569992184639,"max":0.7176412343978882},"11":{"dtype":"number","min":0.26790234446525574,"max":0.75911545753479},"12":{"dtype":"number","min":0.10130265355110168,"max":0.7406867146492004},"13":{"dtype":"number","min":0.20155589282512665,"max":0.6889705061912537},"14":{"dtype":"number","min":0.06132831424474716,"max":0.7597403526306152},"15":{"dtype":"number","min":0.1460985243320465,"max":0.6692410707473755},"16":{"dtype":"number","min":0.026069335639476776,"max":0.7777264714241028},"17":{"dtype":"number","min":0.04927206039428711,"max":0.6706361174583435},"18":{"dtype":"number","min":0.024090804159641266,"max":0.7509136199951172},"19":{"dtype":"number","min":0.25996387004852295,"max":0.8020253777503967},"20":{"dtype":"number","min":0.08915261924266815,"max":0.7750393748283386},"21":{"dtype":"number","min":0.1892312616109848,"max":0.7226569652557373},"22":{"dtype":"number","min":0.04955436289310455,"max":0.7953150272369385},"23":{"dtype":"number","min":0.07599538564682007,"max":0.6882917881011963},"24":{"dtype":"number","min":0.014041684567928314,"max":0.8118027448654175},"25":{"dtype":"number","min":-0.01753172278404236,"max":0.6768403649330139},"26":{"dtype":"number","min":0.03243590518832207,"max":0.7782405018806458},"27":{"dtype":"number","min":0.26987531781196594,"max":0.852180004119873},"28":{"dtype":"number","min":0.08518894761800766,"max":0.8073453903198242},"29":{"dtype":"number","min":0.18837177753448486,"max":0.7957708835601807},"30":{"dtype":"number","min":0.051341623067855835,"max":0.7921736836433411},"31":{"dtype":"number","min":0.08384683728218079,"max":0.8070452809333801},"32":{"dtype":"number","min":0.01792636513710022,"max":0.7802475690841675},"33":{"dtype":"number","min":-0.004907846450805664,"max":0.8235445618629456},"34":{"dtype":"number","min":0.052796244621276855,"max":0.7986577749252319},"35":{"dtype":"number","min":0.29014939069747925,"max":0.9063471555709839},"36":{"dtype":"number","min":0.0787249207496643,"max":0.824805736541748},"37":{"dtype":"number","min":0.24313874542713165,"max":0.8488870859146118},"38":{"dtype":"number","min":0.05266715586185455,"max":0.8134236931800842},"39":{"dtype":"number","min":0.1582072675228119,"max":0.8577439785003662},"40":{"dtype":"number","min":0.022586211562156677,"max":0.7967061400413513},"41":{"dtype":"number","min":0.07623514533042908,"max":0.8769285082817078}},"outputs":{"label":{"dtype":"string","min":0,"max":1,"uniqueValues":["scissors","paper","rock"],"legend":{"scissors":[1,0,0],"paper":[0,1,0],"rock":[0,0,1]}}},"isNormalized":true}